                  epoch,         train/box_loss,         train/cls_loss,         train/dfl_loss,   metrics/precision(B),      metrics/recall(B),       metrics/mAP50(B),    metrics/mAP50-95(B),           val/box_loss,           val/cls_loss,           val/dfl_loss,                 lr/pg0,                 lr/pg1,                 lr/pg2
                      1,                 1.4711,                 2.0018,                 1.7313,                0.43412,                0.46338,                0.42256,                0.18958,                 1.8792,                 1.8599,                 2.3191,             0.00055524,             0.00055524,             0.00055524
                      2,                 1.4686,                 1.6056,                 1.7163,                0.53317,                0.62393,                0.58287,                0.29709,                 1.5769,                 1.4272,                 2.0069,             0.00089094,             0.00089094,             0.00089094
                      3,                  1.404,                 1.4627,                 1.6549,                0.59963,                0.64283,                0.63661,                0.34894,                 1.5175,                 1.3148,                 1.9368,              0.0010066,              0.0010066,              0.0010066
                      4,                 1.3109,                 1.3112,                  1.587,                0.68091,                0.68442,                0.73887,                0.43053,                 1.3416,                 1.1465,                 1.7575,              0.0006768,              0.0006768,              0.0006768
                      5,                 1.2652,                 1.2241,                 1.5473,                0.67087,                0.73338,                0.74295,                0.46177,                 1.2661,                 1.0331,                 1.6894,              0.0006768,              0.0006768,              0.0006768
